user,bus
3.541543596161869,3.6315504817251965
1.388111261780212,1.0167833877685546
-0.8887342894043617,-0.34050534069373883
-0.6150781114099823,-0.5199232490171395
5.0,5.0
1.0,1.0
